{
    "0": {
        "0": 0.9985611510791367,
        "1": 0.0014388489208633094
    },
    "1": {
        "0": 0.25,
        "1": 0.75
    },
    "2": {
        "0": 0.9547568710359408,
        "1": 0.045243128964059194
    }
}