{
    "0": {
        "roac_before_interest_and_depreciation_before_interest": 0.785803721607477,
        "roaa_before_interest_and_percent_after_tax": 0.7440699707660273,
        "operating_gross_margin": 0.47483182714683553,
        "operating_profit_rate": 0.025013011387500804,
        "pre_tax_net_interest_rate": 0.043275560140503745,
        "non_industry_income_and_expenditure_revenue": 0.02618297150932854,
        "operating_expense_rate": -0.08806674517750064,
        "research_and_development_expense_rate": 0.10784749556465273,
        "cash_flow_rate": 0.5599124812959625,
        "interest_bearing_debt_interest_rate": 0.12910115382452705,
        "tax_rate_a": 0.1455055521521801,
        "net_value_per_share_b": 0.5523534281573114,
        "persistent_eps_in_the_last_four_seasons": 0.6904636297157007,
        "cash_flow_per_share": 0.547659723333785,
        "revenue_per_share_yuan": 0.04433880701953994,
        "operating_profit_per_share_yuan": 0.6508055936784435,
        "realized_sales_gross_profit_growth_rate": -0.009091781860844592,
        "operating_profit_growth_rate": 0.020796042747868133,
        "after_tax_net_profit_growth_rate": 0.06588548905274955,
        "continuous_net_profit_growth_rate": 0.03994578729945469,
        "total_asset_growth_rate": -0.07821661168440444,
        "net_value_growth_rate": -0.013720526324054683,
        "total_asset_return_growth_rate_ratio": 0.037798167882498006,
        "cash_reinvestment_percent": 0.4160457595924941,
        "current_ratio": -0.012110762619954744,
        "quick_ratio": -0.02396485832545615,
        "interest_expense_ratio": -0.02560456563586564,
        "total_debt_total_net_worth": 0.058196478851389725,
        "debt_ratio_percent": -0.6461516601027859,
        "long_term_fund_suitability_ratio_a": 0.09485185002995287,
        "borrowing_dependency": -0.24072599697082125,
        "contingent_liabilities_net_worth": -0.03356723213313341,
        "inventory_and_accounts_receivable_net_value": -0.1837061454470031,
        "total_asset_turnover": 0.223152832280656,
        "accounts_receivable_turnover": -0.010105568270530552,
        "average_collection_days": -0.01619863603722553,
        "inventory_turnover_rate_times": -0.05992878239319975,
        "fixed_assets_turnover_frequency": -0.19744410788155065,
        "net_worth_turnover_rate_times": -0.015508909993837382,
        "revenue_per_person": -0.01702393033349541,
        "operating_profit_per_person": 0.29076886879308383,
        "allocation_rate_per_person": 0.016419670717846058,
        "working_capital_to_total_assets": 0.8153019724155138,
        "quick_assets_total_assets": 0.6593459387001374,
        "current_assets_total_assets": 0.4901560930308452,
        "cash_total_assets": 0.8272419949613489,
        "quick_assets_current_liability": -0.02093664276082532,
        "cash_current_liability": -0.06778979626182578,
        "current_liability_to_assets": -0.4205602268235507,
        "operating_funds_to_liability": 0.6818590991908959,
        "inventory_working_capital": -0.025230410573075707,
        "inventory_current_liability": 0.008001816715140511,
        "current_liabilities_liability": 0.3459318875445216,
        "working_capital_equity": 0.20853838465300864,
        "current_liabilities_equity": -0.17606750120590212,
        "long_term_liability_to_current_assets": 0.04405032257022107,
        "retained_earnings_to_total_assets": 0.476356208426938,
        "total_income_total_expense": 0.04456021014854213,
        "total_expense_assets": 0.07998374387987153,
        "current_asset_turnover_rate": -0.1575057488931577,
        "quick_asset_turnover_rate": -0.3084417371110242,
        "working_capitcal_turnover_rate": 0.019730259888145914,
        "cash_turnover_rate": -0.31720502787438704,
        "cash_flow_to_sales": 0.011439882181158332,
        "fixed_assets_to_assets": -0.012110763566722065,
        "equity_to_long_term_liability": -0.16451671703288817,
        "cash_flow_to_total_assets": 0.5062416122799708,
        "cash_flow_to_liability": 0.3559959352630058,
        "cfo_to_assets": 0.7043628642544162,
        "cash_flow_to_equity": 0.2666322184703826,
        "current_liability_to_current_assets": -0.43645682866972685,
        "liability_assets_flag": -0.020261167451312064,
        "total_assets_to_gnp_price": -0.019726721294144,
        "no_credit_interval": 0.02923216752443951,
        "net_income_to_stockholders_equity": 0.1598945738401118,
        "degree_of_financial_leverage_dfl": -0.04694146767815524,
        "interest_coverage_ratio_interest_expense_to_ebit": -0.00905753232765563,
        "equity_to_liability": 0.47933840217634055
    },
    "1": {
        "roac_before_interest_and_depreciation_before_interest": -2.8371083847964185,
        "roaa_before_interest_and_percent_after_tax": -3.1152571076067703,
        "operating_gross_margin": -0.7688363911859982,
        "operating_profit_rate": 0.0010454990077793755,
        "pre_tax_net_interest_rate": -0.0270423587613689,
        "non_industry_income_and_expenditure_revenue": -0.057018849075403555,
        "operating_expense_rate": 0.35974422877310386,
        "research_and_development_expense_rate": -0.140651692158627,
        "cash_flow_rate": -0.43660864660921017,
        "interest_bearing_debt_interest_rate": 1.9031820235817898,
        "tax_rate_a": -0.829388169244788,
        "net_value_per_share_b": -1.8995818334125232,
        "persistent_eps_in_the_last_four_seasons": -2.97448771340184,
        "cash_flow_per_share": -0.9527673850928439,
        "revenue_per_share_yuan": -0.02569740338592985,
        "operating_profit_per_share_yuan": -2.2913625762599046,
        "realized_sales_gross_profit_growth_rate": -0.04180294477103792,
        "operating_profit_growth_rate": -0.08208479287448138,
        "after_tax_net_profit_growth_rate": -0.2620259147756023,
        "continuous_net_profit_growth_rate": -0.04740581817943932,
        "total_asset_growth_rate": -0.4868314133281969,
        "net_value_growth_rate": -0.013720526327543075,
        "total_asset_return_growth_rate_ratio": -0.22234535141773634,
        "cash_reinvestment_percent": -2.3676499892746903,
        "current_ratio": -0.0121107632039736,
        "quick_ratio": -0.0342367440063438,
        "interest_expense_ratio": -0.0581374854614797,
        "total_debt_total_net_worth": -0.0262261211839036,
        "debt_ratio_percent": 3.3454194556033805,
        "long_term_fund_suitability_ratio_a": -0.13163594389678887,
        "borrowing_dependency": 31.904385669617497,
        "contingent_liabilities_net_worth": 21.11872042992903,
        "inventory_and_accounts_receivable_net_value": 21.39526450603313,
        "total_asset_turnover": 0.7270970222775511,
        "accounts_receivable_turnover": -0.04596654434763645,
        "average_collection_days": -0.03833274991520118,
        "inventory_turnover_rate_times": 0.9123818768659239,
        "fixed_assets_turnover_frequency": -0.40712274864210807,
        "net_worth_turnover_rate_times": 7.735045794147217,
        "revenue_per_person": -0.017023930279926502,
        "operating_profit_per_person": -0.8251406918472517,
        "allocation_rate_per_person": -0.038221969941767325,
        "working_capital_to_total_assets": -2.0019673811223573,
        "quick_assets_total_assets": -0.6061520698209034,
        "current_assets_total_assets": -0.2221534258329903,
        "cash_total_assets": -0.6039894217816109,
        "quick_assets_current_liability": -0.020936642861715878,
        "cash_current_liability": -0.07281797475970833,
        "current_liability_to_assets": 2.3396654954758462,
        "operating_funds_to_liability": -0.46710364845134067,
        "inventory_working_capital": -0.038196843126947676,
        "inventory_current_liability": -0.09588651818702078,
        "current_liabilities_liability": -0.39533147910616484,
        "working_capital_equity": -19.665439075416945,
        "current_liabilities_equity": 29.930630499273963,