model,best_params,recall_quiebra,precision_quiebra,f1_score_quiebra,accuracy,roc_auc
RandomForest_ClassWeighted,"{'max_depth': 5, 'min_samples_leaf': 1, 'min_samples_split': 2, 'n_estimators': 500}",0.6590909090909091,0.2457627118644068,0.35802469135802467,0.9237536656891495,0.8975206611570248
AdaBoost,"{'learning_rate': 1.0, 'n_estimators': 500}",0.38636363636363635,0.3541666666666667,0.3695652173913043,0.9574780058651027,0.8579889807162534
RandomForest_SMOTE_Final,"{'max_depth': None, 'min_samples_leaf': 1, 'min_samples_split': 2, 'n_estimators': 2000}",0.3409090909090909,0.4411764705882353,0.38461538461538464,0.9648093841642229,0.9055354683195593
XGBoost,"{'learning_rate': 0.1, 'max_depth': 5, 'n_estimators': 300}",0.3181818181818182,0.45161290322580644,0.37333333333333335,0.9655425219941349,0.8929924242424243
GradientBoosting,"{'learning_rate': 0.2, 'max_depth': 7, 'n_estimators': 300}",0.29545454545454547,0.5,0.37142857142857144,0.967741935483871,0.8766356749311295
LightGBM,"{'learning_rate': 0.3, 'max_depth': 7, 'n_estimators': 200, 'num_leaves': 50}",0.22727272727272727,0.5263157894736842,0.31746031746031744,0.968475073313783,0.909486914600551
